[
  {
    "title": "App기본정보",
    "links": [
      { "title": "기본기능", "url": "/?path=info-std" },
      { "title": "다운로드", "url": "/libs/app-makeup.js" }
    ]
  }, {
    "title": "화면 바인딩",
    "links": [
      { "title": "입 / 출력", "url": "/?path=bind-vo" },
      { "title": "조건 / 반복", "url": "/?path=bind-if" },
      { "title": "이벤트 / 디렉티브", "url": "/?path=bind-event" }
    ]
  }, {
    "title": "컨트롤러",
    "links": [
      { "title": "기본기능", "url": "/?path=ctrl-std" },
      { "title": "속성값 / 메소드", "url": "/?path=ctrl-prop" }
    ]
  }, {
    "title": "데모",
    "links": [
      { "title": "뷰", "url": "/demo-view.html" },
      { "title": "팝업", "url": "/demo-popup.html" }
    ]
  }
]