[
  {"code":"24273", "doro":"강원도 춘천시 중앙로 90-3", "jibun":"중앙로2가 116"},
  {"code":"24273", "doro":"강원도 춘천시 중앙로 90-2", "jibun":"중앙로2가 116"},
  {"code":"24273", "doro":"강원도 춘천시 중앙로 90", "jibun":"중앙로2가 116"},
  {"code":"24357", "doro":"강원도 춘천시 중앙로 89-2", "jibun":"중앙로2가 116"},
  {"code":"24357", "doro":"강원도 춘천시 중앙로 89-1", "jibun":"중앙로2가 116"},
  {"code":"24357", "doro":"강원도 춘천시 중앙로 89", "jibun":"중앙로2가 116"},
  {"code":"06132", "doro":"서울특별시 강남구 논현로 507", "jibun":"역삼동 642-6"},
  {"code":"06242", "doro":"서울특별시 강남구 강남대로 338", "jibun":"역삼동 831-11"},
  {"code":"06222", "doro":"서울특별시 강남구 언주로 425", "jibun":"역삼동 721-13"},
  {"code":"06211", "doro":"서울특별시 강남구 테헤란로 318", "jibun":"역삼동 707-19"},
  {"code":"06251", "doro":"서울특별시 강남구 역삼로 118", "jibun":"역삼동 833"},
  {"code":"06246", "doro":"서울특별시 강남구 역삼로 17길 12", "jibun":"역삼동 748-8"}
]